All;All Department
Apparel;Clothing & Accessories
Automotive;Automotive
Baby;Baby
Beauty;Beauty
Books;Books
Classical;Classical Music
Electronics;Electronics
EverythingElse;Everything Else
ForeignBooks;English Books
GardenAndOutdoor;Patio, Lawn & Garden
GiftCards;Gift Cards
GroceryAndGourmetFood;Grocery & Gourmet Food
Handmade;Handmade
HealthPersonalCare;Health & Personal Care
HomeAndKitchen;Home & Kitchen
Industrial;Industrial & Scientific
Jewelry;Jewelry
KindleStore;Kindle Store
Luggage;Luggage & Bags
LuxuryBeauty;Luxury Beauty
MobileApps;Apps & Games
MoviesAndTV;Movies & TV
Music;Music
MusicalInstruments;Musical Instruments, Stage & Studio
OfficeProducts;Office Products
PetSupplies;Pet Supplies
Shoes;Shoes & Handbags
Software;Software
SportsAndOutdoors;Sports & Outdoors
ToolsAndHomeImprovement;Tools & Home Improvement
ToysAndGames;Toys & Games
VHS;VHS
VideoGames;Video Games
Watches;Watches
