All;Toutes nos catégories
Apparel;Vêtements et accessoires
Appliances;Gros électroménager
Automotive;Auto et Moto
Baby;Bébés & Puériculture
Beauty;Beauté et Parfum
Books;Livres en français
Computers;Informatique
DigitalMusic;Téléchargement de musique
Electronics;High-Tech
EverythingElse;Autres
Fashion;Mode
ForeignBooks;Livres anglais et étrangers
GardenAndOutdoor;Jardin
GiftCards;Boutique chèques-cadeaux
GroceryAndGourmetFood;Epicerie
Handmade;Handmade
HealthPersonalCare;Hygiène et Santé
HomeAndKitchen;Cuisine & Maison
Industrial;Secteur industriel & scientifique
Jewelry;Bijoux
KindleStore;Boutique Kindle
Lighting;Luminaires et Eclairage
Luggage;Bagages
LuxuryBeauty;Beauté Prestige
MobileApps;Applis & Jeux
MoviesAndTV;DVD & Blu-ray
Music;Musique : CD & Vinyles
MusicalInstruments;Instruments de musique & Sono
OfficeProducts;Fournitures de bureau
PetSupplies;Animalerie
Shoes;Chaussures et Sacs
Software;Logiciels
SportsAndOutdoors;Sports et Loisirs
ToolsAndHomeImprovement;Bricolage
ToysAndGames;Jeux et Jouets
VHS;VHS
VideoGames;Jeux vidéo
Watches;Montres
