All;Tutte le categorie
Apparel;Abbigliamento
Appliances;Grandi elettrodomestici
Automotive;Auto e Moto
Baby;Prima infanzia
Beauty;Bellezza
Books;Libri
Computers;Informatica
DigitalMusic;Musica Digitale
Electronics;Elettronica
EverythingElse;Altro
Fashion;Moda
ForeignBooks;Libri in altre lingue
GardenAndOutdoor;Giardino e giardinaggio
GiftCards;Buoni Regalo
GroceryAndGourmetFood;Alimentari e cura della casa
Handmade;Handmade
HealthPersonalCare;Salute e cura della persona
HomeAndKitchen;Casa e cucina
Industrial;Industria e Scienza
Jewelry;Gioielli
KindleStore;Kindle Store
Lighting;Illuminazione
Luggage;Valigeria
MobileApps;App e Giochi
MoviesAndTV;Film e TV
Music;CD e Vinili
MusicalInstruments;Strumenti musicali e DJ
OfficeProducts;Cancelleria e prodotti per ufficio
PetSupplies;Prodotti per animali domestici
Shoes;Scarpe e borse
Software;Software
SportsAndOutdoors;Sport e tempo libero
ToolsAndHomeImprovement;Fai da te
ToysAndGames;Giochi e giocattoli
VideoGames;Videogiochi
Watches;Orologi
