All;All Departments
AmazonVideo;Prime Video
Apparel;Clothing & Accessories
Appliances;Appliances
ArtsAndCrafts;Arts, Crafts & Sewing
Automotive;Automotive Parts & Accessories
Baby;Baby
Beauty;Beauty & Personal Care
Books;Books
Classical;Classical
Collectibles;Collectibles & Fine Art
Computers;Computers
DigitalMusic;Digital Music
Electronics;Electronics
EverythingElse;Everything Else
Fashion;Clothing, Shoes & Jewelry
FashionBaby;Clothing, Shoes & Jewelry Baby
FashionBoys;Clothing, Shoes & Jewelry Boys
FashionGirls;Clothing, Shoes & Jewelry Girls
FashionMen;Clothing, Shoes & Jewelry Men
FashionWomen;Clothing, Shoes & Jewelry Women
GardenAndOutdoor;Garden & Outdoor
GiftCards;Gift Cards
GroceryAndGourmetFood;Grocery & Gourmet Food
Handmade;Handmade
HealthPersonalCare;Health, Household & Baby Care
HomeAndKitchen;Home & Kitchen
Industrial;Industrial & Scientific
Jewelry;Jewelry
KindleStore;Kindle Store
LocalServices;Home & Business Services
Luggage;Luggage & Travel Gear
LuxuryBeauty;Luxury Beauty
Magazines;Magazine Subscriptions
MobileAndAccessories;Cell Phones & Accessories
MobileApps;Apps & Games
MoviesAndTV;Movies & TV
Music;CDs & Vinyl
MusicalInstruments;Musical Instruments
OfficeProducts;Office Products
PetSupplies;Pet Supplies
Photo;Camera & Photo
Shoes;Shoes
Software;Software
SportsAndOutdoors;Sports & Outdoors
ToolsAndHomeImprovement;Tools & Home Improvement
ToysAndGames;Toys & Games
VHS;VHS
VideoGames;Video Games
Watches;Watches
