All;Alle Kategorien
AmazonVideo;Prime Video
Apparel;Bekleidung
Appliances;Elektro-Großgeräte
Automotive;Auto & Motorrad
Baby;Baby
Beauty;Beauty
Books;Bücher
Classical;Klassik
Computers;Computer & Zubehör
DigitalMusic;Musik-Downloads
Electronics;Elektronik & Foto
EverythingElse;Sonstiges
Fashion;Fashion
ForeignBooks;Bücher (Fremdsprachig)
GardenAndOutdoor;Garten
GiftCards;Geschenkgutscheine
GroceryAndGourmetFood;Lebensmittel & Getränke
Handmade;Handmade
HealthPersonalCare;Drogerie & Körperpflege
HomeAndKitchen;Küche, Haushalt & Wohnen
Industrial;Gewerbe, Industrie & Wissenschaft
Jewelry;Schmuck
KindleStore;Kindle-Shop
Lighting;Beleuchtung
Luggage;Koffer, Rucksäcke & Taschen
LuxuryBeauty;Luxury Beauty
Magazines;Zeitschriften
MobileApps;Apps & Spiele
MoviesAndTV;DVD & Blu-ray
Music;Musik-CDs & Vinyl
MusicalInstruments;Musikinstrumente & DJ-Equipment
OfficeProducts;Bürobedarf & Schreibwaren
PetSupplies;Haustier
Photo;Kamera & Foto
Shoes;Schuhe & Handtaschen
Software;Software
SportsAndOutdoors;Sport & Freizeit
ToolsAndHomeImprovement;Baumarkt
ToysAndGames;Spielzeug
VHS;VHS
VideoGames;Games
Watches;Uhren
