All;All Categories
Apparel;Clothing & Accessories
Appliances;Appliances
Automotive;Car & Motorbike
Baby;Baby
Beauty;Beauty
Books;Books
Collectibles;Collectibles
Computers;Computers & Accessories
Electronics;Electronics
EverythingElse;Everything Else
Fashion;Amazon Fashion
Furniture;Furniture
GardenAndOutdoor;Garden & Outdoors
GiftCards;Gift Cards
GroceryAndGourmetFood;Grocery & Gourmet Foods
HealthPersonalCare;Health & Personal Care
HomeAndKitchen;Home & Kitchen
Industrial;Industrial & Scientific
Jewelry;Jewellery
KindleStore;Kindle Store
Luggage;Luggage & Bags
LuxuryBeauty;Luxury Beauty
MobileApps;Apps & Games
MoviesAndTV;Movies & TV Shows
Music;Music
MusicalInstruments;Musical Instruments
OfficeProducts;Office Products
PetSupplies;Pet Supplies
Shoes;Shoes & Handbags
Software;Software
SportsAndOutdoors;Sports, Fitness & Outdoors
ToolsAndHomeImprovement;Tools & Home Improvement
ToysAndGames;Toys & Games
VideoGames;Video Games
Watches;Watches
