All;Todos los departamentos
Automotive;Auto
Baby;Bebé
Books;Libros
Electronics;Electrónicos
Fashion;Ropa, Zapatos y Accesorios
FashionBaby;Ropa, Zapatos y Accesorios Bebé
FashionBoys;Ropa, Zapatos y Accesorios Niños
FashionGirls;Ropa, Zapatos y Accesorios Niñas
FashionMen;Ropa, Zapatos y Accesorios Hombres
FashionWomen;Ropa, Zapatos y Accesorios Mujeres
GroceryAndGourmetFood;Alimentos y Bebidas
Handmade;Productos Handmade
HealthPersonalCare;Salud, Belleza y Cuidado Personal
HomeAndKitchen;Hogar y Cocina
IndustrialAndScientific;Industria y ciencia
KindleStore;Tienda Kindle
MoviesAndTV;Películas y Series de TV
Music;Música
MusicalInstruments;Instrumentos musicales
OfficeProducts;Oficina y Papelería
PetSupplies;Mascotas
Software;Software
SportsAndOutdoors;Deportes y Aire Libre
ToolsAndHomeImprovement;Herramientas y Mejoras del Hogar
ToysAndGames;Juegos y juguetes
VideoGames;Videojuegos
Watches;Relojes
