All;Alle afdelingen
Automotive;Auto en motor
Baby;Babyproducten
Beauty;Beauty en persoonlijke verzorging
Books;Boeken
Electronics;Elektronica
EverythingElse;Overig
Fashion;Kleding, schoenen en sieraden
GardenAndOutdoor;Tuin, terras en gazon
GiftCards;Cadeaubonnen
GroceryAndGourmetFood;Levensmiddelen
HealthPersonalCare;Gezondheid en persoonlijke verzorging
HomeAndKitchen;Wonen en keuken
Industrial;Zakelijk, industrie en wetenschap
KindleStore;Kindle Store
MoviesAndTV;Films en tv
Music;Cd's en lp's
MusicalInstruments;Muziekinstrumenten
OfficeProducts;Kantoorproducten
PetSupplies;Huisdierbenodigdheden
Software;Software
SportsAndOutdoors;Sport en outdoor
ToolsAndHomeImprovement;Klussen en gereedschap
ToysAndGames;Speelgoed en spellen
VideoGames;Videogames
