All;Wszystkie kategorie
ArtsAndCrafts;Arts & crafts
Automotive;Motoryzacja
Baby;Dziecko
Beauty;Uroda
Books;Książki
Electronics;Elektronika
Fashion;Odzież, obuwie i akcesoria
GardenAndOutdoor;Ogród
GiftCards;Karty podarunkowe
HealthPersonalCare;Zdrowie i gospodarstwo domowe
HomeAndKitchen;Dom i kuchnia
Industrial;Biznes, przemysł i nauka
MoviesAndTV;Filmy i programy TV
Music;Muzyka
MusicalInstruments;Instrumenty muzyczne
OfficeProducts;Biuro
PetSupplies;Zwierzęta
Software;Oprogramowanie
SportsAndOutdoors;Sport i turystyka
ToolsAndHomeImprovement;Renowacja domu
ToysAndGames;Zabawki i gry
VideoGames;Gry wideo